source_url,source_type,date_accessed,confidence,notes,id_reference
https://doc.wi.gov,government,2026-07-07,high,Resource id 1: WDOC — Reentry & Community Corrections,1
https://doc.wi.gov/Pages/OffenderInformation/ProbationParole.aspx,government,2026-07-07,high,Resource id 2: WDOC — Probation & Parole Field Operations,2
https://access.wi.gov,government,2026-07-07,high,Resource id 3: ACCESS Wisconsin — Benefits Portal,3
https://www.dhs.wisconsin.gov/badgercareplus/index.htm,government,2026-07-07,high,Resource id 4: ForwardHealth — BadgerCare Plus,4
https://211wisconsin.org,nonprofit,2026-07-07,high,Resource id 5: 211 Wisconsin,5
https://www.legalaction.org,nonprofit,2026-07-07,high,Resource id 6: Legal Action of Wisconsin — Statewide Intake,6
https://www.judicare.org,nonprofit,2026-07-07,high,Resource id 7: Wisconsin Judicare — Northern Wisconsin Legal Aid,7
https://www.wisconsinjobcenter.org,government,2026-07-07,high,Resource id 8: Job Center of Wisconsin — Statewide Network,8
https://dwd.wisconsin.gov/dvr,government,2026-07-07,high,Resource id 9: DVR — Division of Vocational Rehabilitation,9
https://dva.wisconsin.gov,government,2026-07-07,high,Resource id 10: Wisconsin Department of Veterans Affairs (WDVA),10
https://wisdot.gov/Pages/dmv/index.aspx,government,2026-07-07,high,Resource id 11: WisDOT — Division of Motor Vehicles,11
https://www.dhs.wisconsin.gov/vitalrecords/index.htm,government,2026-07-07,high,Resource id 12: Wisconsin Vital Records,12
https://988lifeline.org,government,2026-07-07,high,Resource id 13: 988 Suicide & Crisis Lifeline — Wisconsin,13
https://www.samhsa.gov/find-help/national-helpline,government,2026-07-07,high,Resource id 14: SAMHSA National Helpline,14
https://findtreatment.gov,government,2026-07-07,high,Resource id 15: FindTreatment.gov — Wisconsin Provider Search,15
https://www.dhs.wisconsin.gov/ccs/index.htm,government,2026-07-07,high,Resource id 16: Wisconsin DHS — Comprehensive Community Services (CCS),16
https://www.wiscs.org,nonprofit,2026-07-07,high,Resource id 17: Wisconsin Community Services — Statewide Reentry,17
https://www.guesthouseofmilwaukee.org,nonprofit,2026-07-07,high,Resource id 18: Guest House of Milwaukee,18
https://www.hopehousemke.org,nonprofit,2026-07-07,high,Resource id 19: Hope House of Milwaukee,19
https://communityadvocates.net,nonprofit,2026-07-07,high,Resource id 20: Community Advocates — Milwaukee,20
https://sschc.org,nonprofit,2026-07-07,high,Resource id 21: Sixteenth Street Community Health Centers — Milwaukee,21
https://justdane.org,nonprofit,2026-07-07,high,Resource id 22: JustDane — Madison Reentry Services,22
https://porchlightinc.org,nonprofit,2026-07-07,high,Resource id 23: Porchlight Inc — Madison,23
https://www.newcommunityshelter.org,nonprofit,2026-07-07,high,Resource id 24: NEW Community Shelter — Green Bay,24
https://www.haloinc.org,nonprofit,2026-07-07,high,Resource id 25: HALO Inc — Kenosha Homeless Services,25
https://www.hopecenterracine.org,nonprofit,2026-07-07,high,Resource id 26: Hope Center Racine — Homeless Services,26
https://www.wisconsinjobcenter.org,government,2026-07-07,high,Resource id 27: Job Center of Wisconsin — Milwaukee,27
https://www.wisconsinjobcenter.org,government,2026-07-07,high,Resource id 28: Job Center of Wisconsin — Madison,28
https://www.wisconsinjobcenter.org,government,2026-07-07,high,Resource id 29: Job Center of Wisconsin — Green Bay,29
https://www.dhs.wisconsin.gov/em/adams.htm,government,2026-07-07,high,Resource id 30: Adams County DHS — ACCESS Wisconsin Benefits,30
https://www.dhs.wisconsin.gov/em/ashland.htm,government,2026-07-07,high,Resource id 31: Ashland County DHS — ACCESS Wisconsin Benefits,31
https://www.dhs.wisconsin.gov/em/barron.htm,government,2026-07-07,high,Resource id 32: Barron County DHS — ACCESS Wisconsin Benefits,32
https://www.dhs.wisconsin.gov/em/bayfield.htm,government,2026-07-07,high,Resource id 33: Bayfield County DHS — ACCESS Wisconsin Benefits,33
https://www.dhs.wisconsin.gov/em/brown.htm,government,2026-07-07,high,Resource id 34: Brown County DHS — ACCESS Wisconsin Benefits,34
https://www.dhs.wisconsin.gov/em/buffalo.htm,government,2026-07-07,high,Resource id 35: Buffalo County DHS — ACCESS Wisconsin Benefits,35
https://www.dhs.wisconsin.gov/em/burnett.htm,government,2026-07-07,high,Resource id 36: Burnett County DHS — ACCESS Wisconsin Benefits,36
https://www.dhs.wisconsin.gov/em/calumet.htm,government,2026-07-07,high,Resource id 37: Calumet County DHS — ACCESS Wisconsin Benefits,37
https://www.dhs.wisconsin.gov/em/chippewa.htm,government,2026-07-07,high,Resource id 38: Chippewa County DHS — ACCESS Wisconsin Benefits,38
https://www.dhs.wisconsin.gov/em/clark.htm,government,2026-07-07,high,Resource id 39: Clark County DHS — ACCESS Wisconsin Benefits,39
https://www.dhs.wisconsin.gov/em/columbia.htm,government,2026-07-07,high,Resource id 40: Columbia County DHS — ACCESS Wisconsin Benefits,40
https://www.dhs.wisconsin.gov/em/crawford.htm,government,2026-07-07,high,Resource id 41: Crawford County DHS — ACCESS Wisconsin Benefits,41
https://www.dhs.wisconsin.gov/em/dane.htm,government,2026-07-07,high,Resource id 42: Dane County DHS — ACCESS Wisconsin Benefits,42
https://www.dhs.wisconsin.gov/em/dodge.htm,government,2026-07-07,high,Resource id 43: Dodge County DHS — ACCESS Wisconsin Benefits,43
https://www.dhs.wisconsin.gov/em/door.htm,government,2026-07-07,high,Resource id 44: Door County DHS — ACCESS Wisconsin Benefits,44
https://www.dhs.wisconsin.gov/em/douglas.htm,government,2026-07-07,high,Resource id 45: Douglas County DHS — ACCESS Wisconsin Benefits,45
https://www.dhs.wisconsin.gov/em/dunn.htm,government,2026-07-07,high,Resource id 46: Dunn County DHS — ACCESS Wisconsin Benefits,46
https://www.dhs.wisconsin.gov/em/eau-claire.htm,government,2026-07-07,high,Resource id 47: Eau Claire County DHS — ACCESS Wisconsin Benefits,47
https://www.dhs.wisconsin.gov/em/florence.htm,government,2026-07-07,high,Resource id 48: Florence County DHS — ACCESS Wisconsin Benefits,48
https://www.dhs.wisconsin.gov/em/fond-du-lac.htm,government,2026-07-07,high,Resource id 49: Fond du Lac County DHS — ACCESS Wisconsin Benefits,49
https://www.dhs.wisconsin.gov/em/forest.htm,government,2026-07-07,high,Resource id 50: Forest County DHS — ACCESS Wisconsin Benefits,50
https://www.dhs.wisconsin.gov/em/grant.htm,government,2026-07-07,high,Resource id 51: Grant County DHS — ACCESS Wisconsin Benefits,51
https://www.dhs.wisconsin.gov/em/green.htm,government,2026-07-07,high,Resource id 52: Green County DHS — ACCESS Wisconsin Benefits,52
https://www.dhs.wisconsin.gov/em/green-lake.htm,government,2026-07-07,high,Resource id 53: Green Lake County DHS — ACCESS Wisconsin Benefits,53
https://www.dhs.wisconsin.gov/em/iowa.htm,government,2026-07-07,high,Resource id 54: Iowa County DHS — ACCESS Wisconsin Benefits,54
https://www.dhs.wisconsin.gov/em/iron.htm,government,2026-07-07,high,Resource id 55: Iron County DHS — ACCESS Wisconsin Benefits,55
https://www.dhs.wisconsin.gov/em/jackson.htm,government,2026-07-07,high,Resource id 56: Jackson County DHS — ACCESS Wisconsin Benefits,56
https://www.dhs.wisconsin.gov/em/jefferson.htm,government,2026-07-07,high,Resource id 57: Jefferson County DHS — ACCESS Wisconsin Benefits,57
https://www.dhs.wisconsin.gov/em/juneau.htm,government,2026-07-07,high,Resource id 58: Juneau County DHS — ACCESS Wisconsin Benefits,58
https://www.dhs.wisconsin.gov/em/kenosha.htm,government,2026-07-07,high,Resource id 59: Kenosha County DHS — ACCESS Wisconsin Benefits,59
https://www.dhs.wisconsin.gov/em/kewaunee.htm,government,2026-07-07,high,Resource id 60: Kewaunee County DHS — ACCESS Wisconsin Benefits,60
https://www.dhs.wisconsin.gov/em/la-crosse.htm,government,2026-07-07,high,Resource id 61: La Crosse County DHS — ACCESS Wisconsin Benefits,61
https://www.dhs.wisconsin.gov/em/lafayette.htm,government,2026-07-07,high,Resource id 62: Lafayette County DHS — ACCESS Wisconsin Benefits,62
https://www.dhs.wisconsin.gov/em/langlade.htm,government,2026-07-07,high,Resource id 63: Langlade County DHS — ACCESS Wisconsin Benefits,63
https://www.dhs.wisconsin.gov/em/lincoln.htm,government,2026-07-07,high,Resource id 64: Lincoln County DHS — ACCESS Wisconsin Benefits,64
https://www.dhs.wisconsin.gov/em/manitowoc.htm,government,2026-07-07,high,Resource id 65: Manitowoc County DHS — ACCESS Wisconsin Benefits,65
https://www.dhs.wisconsin.gov/em/marathon.htm,government,2026-07-07,high,Resource id 66: Marathon County DHS — ACCESS Wisconsin Benefits,66
https://www.dhs.wisconsin.gov/em/marinette.htm,government,2026-07-07,high,Resource id 67: Marinette County DHS — ACCESS Wisconsin Benefits,67
https://www.dhs.wisconsin.gov/em/marquette.htm,government,2026-07-07,high,Resource id 68: Marquette County DHS — ACCESS Wisconsin Benefits,68
https://www.dhs.wisconsin.gov/em/menominee.htm,government,2026-07-07,high,Resource id 69: Menominee County DHS — ACCESS Wisconsin Benefits,69
https://www.dhs.wisconsin.gov/em/milwaukee.htm,government,2026-07-07,high,Resource id 70: Milwaukee County DHS — ACCESS Wisconsin Benefits,70
https://www.dhs.wisconsin.gov/em/monroe.htm,government,2026-07-07,high,Resource id 71: Monroe County DHS — ACCESS Wisconsin Benefits,71
https://www.dhs.wisconsin.gov/em/oconto.htm,government,2026-07-07,high,Resource id 72: Oconto County DHS — ACCESS Wisconsin Benefits,72
https://www.dhs.wisconsin.gov/em/oneida.htm,government,2026-07-07,high,Resource id 73: Oneida County DHS — ACCESS Wisconsin Benefits,73
https://www.dhs.wisconsin.gov/em/outagamie.htm,government,2026-07-07,high,Resource id 74: Outagamie County DHS — ACCESS Wisconsin Benefits,74
https://www.dhs.wisconsin.gov/em/ozaukee.htm,government,2026-07-07,high,Resource id 75: Ozaukee County DHS — ACCESS Wisconsin Benefits,75
https://www.dhs.wisconsin.gov/em/pepin.htm,government,2026-07-07,high,Resource id 76: Pepin County DHS — ACCESS Wisconsin Benefits,76
https://www.dhs.wisconsin.gov/em/pierce.htm,government,2026-07-07,high,Resource id 77: Pierce County DHS — ACCESS Wisconsin Benefits,77
https://www.dhs.wisconsin.gov/em/polk.htm,government,2026-07-07,high,Resource id 78: Polk County DHS — ACCESS Wisconsin Benefits,78
https://www.dhs.wisconsin.gov/em/portage.htm,government,2026-07-07,high,Resource id 79: Portage County DHS — ACCESS Wisconsin Benefits,79
https://www.dhs.wisconsin.gov/em/price.htm,government,2026-07-07,high,Resource id 80: Price County DHS — ACCESS Wisconsin Benefits,80
https://www.dhs.wisconsin.gov/em/racine.htm,government,2026-07-07,high,Resource id 81: Racine County DHS — ACCESS Wisconsin Benefits,81
https://www.dhs.wisconsin.gov/em/richland.htm,government,2026-07-07,high,Resource id 82: Richland County DHS — ACCESS Wisconsin Benefits,82
https://www.dhs.wisconsin.gov/em/rock.htm,government,2026-07-07,high,Resource id 83: Rock County DHS — ACCESS Wisconsin Benefits,83
https://www.dhs.wisconsin.gov/em/rusk.htm,government,2026-07-07,high,Resource id 84: Rusk County DHS — ACCESS Wisconsin Benefits,84
https://www.dhs.wisconsin.gov/em/sauk.htm,government,2026-07-07,high,Resource id 85: Sauk County DHS — ACCESS Wisconsin Benefits,85
https://www.dhs.wisconsin.gov/em/sawyer.htm,government,2026-07-07,high,Resource id 86: Sawyer County DHS — ACCESS Wisconsin Benefits,86
https://www.dhs.wisconsin.gov/em/shawano.htm,government,2026-07-07,high,Resource id 87: Shawano County DHS — ACCESS Wisconsin Benefits,87
https://www.dhs.wisconsin.gov/em/sheboygan.htm,government,2026-07-07,high,Resource id 88: Sheboygan County DHS — ACCESS Wisconsin Benefits,88
https://www.dhs.wisconsin.gov/em/st-croix.htm,government,2026-07-07,high,Resource id 89: St. Croix County DHS — ACCESS Wisconsin Benefits,89
https://www.dhs.wisconsin.gov/em/taylor.htm,government,2026-07-07,high,Resource id 90: Taylor County DHS — ACCESS Wisconsin Benefits,90
https://www.dhs.wisconsin.gov/em/trempealeau.htm,government,2026-07-07,high,Resource id 91: Trempealeau County DHS — ACCESS Wisconsin Benefits,91
https://www.dhs.wisconsin.gov/em/vernon.htm,government,2026-07-07,high,Resource id 92: Vernon County DHS — ACCESS Wisconsin Benefits,92
https://www.dhs.wisconsin.gov/em/vilas.htm,government,2026-07-07,high,Resource id 93: Vilas County DHS — ACCESS Wisconsin Benefits,93
https://www.dhs.wisconsin.gov/em/walworth.htm,government,2026-07-07,high,Resource id 94: Walworth County DHS — ACCESS Wisconsin Benefits,94
https://www.dhs.wisconsin.gov/em/washburn.htm,government,2026-07-07,high,Resource id 95: Washburn County DHS — ACCESS Wisconsin Benefits,95
https://www.dhs.wisconsin.gov/em/washington.htm,government,2026-07-07,high,Resource id 96: Washington County DHS — ACCESS Wisconsin Benefits,96
https://www.dhs.wisconsin.gov/em/waukesha.htm,government,2026-07-07,high,Resource id 97: Waukesha County DHS — ACCESS Wisconsin Benefits,97
https://www.dhs.wisconsin.gov/em/waupaca.htm,government,2026-07-07,high,Resource id 98: Waupaca County DHS — ACCESS Wisconsin Benefits,98
https://www.dhs.wisconsin.gov/em/waushara.htm,government,2026-07-07,high,Resource id 99: Waushara County DHS — ACCESS Wisconsin Benefits,99
https://www.dhs.wisconsin.gov/em/winnebago.htm,government,2026-07-07,high,Resource id 100: Winnebago County DHS — ACCESS Wisconsin Benefits,100
https://www.dhs.wisconsin.gov/em/wood.htm,government,2026-07-07,high,Resource id 101: Wood County DHS — ACCESS Wisconsin Benefits,101
https://centralusa.salvationarmy.org/milwaukee,nonprofit,2026-07-07,high,Resource id 102: Salvation Army — Milwaukee Emergency Lodge,102
https://www.theroadhomedc.org,nonprofit,2026-07-07,high,Resource id 103: The Road Home Dane County — Supportive Housing,103
https://www.freedomhousewi.org,nonprofit,2026-07-07,high,Resource id 104: Freedom House — Appleton Transitional Housing,104
https://www.couleecap.org,nonprofit,2026-07-07,high,Resource id 105: Couleecap — La Crosse Housing Programs,105
https://www.wrtp.org,nonprofit,2026-07-07,high,Resource id 106: WRTP/BIG STEP — Milwaukee Construction Training,106
https://www.wisconsinjobcenter.org,government,2026-07-07,high,Resource id 107: Job Center of Wisconsin — Kenosha,107
https://www.wisconsinjobcenter.org,government,2026-07-07,high,Resource id 108: Job Center of Wisconsin — La Crosse,108
https://www.wisconsinjobcenter.org,government,2026-07-07,high,Resource id 109: Job Center of Wisconsin — Eau Claire,109
https://rogersbh.org,nonprofit,2026-07-07,high,Resource id 110: Rogers Behavioral Health — Milwaukee,110
https://www.tellurian.org,nonprofit,2026-07-07,high,Resource id 111: Tellurian — Madison Behavioral Health,111
https://www.libertastreatment.org,nonprofit,2026-07-07,high,Resource id 112: Libertas Treatment Center — Green Bay,112
https://www.legalaction.org,nonprofit,2026-07-07,high,Resource id 113: Legal Action of Wisconsin — Milwaukee Office,113
https://www.legalaction.org,nonprofit,2026-07-07,high,Resource id 114: Legal Action of Wisconsin — Madison Office,114
https://www.dryhootch.org,nonprofit,2026-07-07,high,Resource id 115: Dryhootch of America — Milwaukee Veterans Peer Support,115
https://www.veteransoutreachofwi.org,nonprofit,2026-07-07,high,Resource id 116: Veterans Outreach of Wisconsin — Racine/Kenosha,116
https://www.feedingamericawi.org,nonprofit,2026-07-07,high,Resource id 117: Feeding America Eastern Wisconsin — Milwaukee,117
https://www.secondharvestmadison.org,nonprofit,2026-07-07,high,Resource id 118: Second Harvest Foodbank — Madison Region,118
https://www.paulspantry.org,nonprofit,2026-07-07,high,Resource id 119: Paul's Pantry — Green Bay,119
https://www.wwca.org,nonprofit,2026-07-07,high,Resource id 120: Western Wisconsin Community Action Agency — Eau Claire,120
https://www.cclse.org,nonprofit,2026-07-07,high,Resource id 121: Catholic Charities — La Crosse Basic Needs,121
https://www.appletonwi.gov/government/departments/health,government,2026-07-07,high,Resource id 122: Appleton Health Department — Outreach Clinic,122
https://www.wisconsinjobcenter.org,government,2026-07-07,high,Resource id 123: Job Center of Wisconsin — Appleton,123
https://www.racinevocationalministry.org,nonprofit,2026-07-07,high,Resource id 124: Racine Vocational Ministry — Reentry Employment,124
https://doc.wi.gov/Pages/OffenderInformation/ProbationParole.aspx,government,2026-07-07,high,Resource id 125: WDOC — Region 1 Probation & Parole (Milwaukee),125
https://doc.wi.gov/Pages/OffenderInformation/ProbationParole.aspx,government,2026-07-07,high,Resource id 126: WDOC — Region 2 Probation & Parole (Kenosha/Racine),126
https://doc.wi.gov/Pages/OffenderInformation/ProbationParole.aspx,government,2026-07-07,high,Resource id 127: WDOC — Region 3 Probation & Parole (Madison),127
https://doc.wi.gov/Pages/OffenderInformation/ProbationParole.aspx,government,2026-07-07,high,Resource id 128: WDOC — Region 4 Probation & Parole (Appleton/Oshkosh),128
https://doc.wi.gov/Pages/OffenderInformation/ProbationParole.aspx,government,2026-07-07,high,Resource id 129: WDOC — Region 5 Probation & Parole (Green Bay),129
https://doc.wi.gov/Pages/OffenderInformation/ProbationParole.aspx,government,2026-07-07,high,Resource id 130: WDOC — Region 6 Probation & Parole (La Crosse),130
https://doc.wi.gov/Pages/OffenderInformation/ProbationParole.aspx,government,2026-07-07,high,Resource id 131: WDOC — Region 7 Probation & Parole (Eau Claire),131
https://doc.wi.gov/Pages/OffenderInformation/ProbationParole.aspx,government,2026-07-07,high,Resource id 132: WDOC — Region 8 Probation & Parole (Wausau),132
https://feedingamericawi.org,nonprofit,2026-07-07,high,Resource id 133: Feeding America Eastern Wisconsin — Fox Valley,133
https://www.secondharvestmadison.org,nonprofit,2026-07-07,high,Resource id 134: Second Harvest Foodbank — Northwestern Wisconsin,134
https://www.matc.edu,nonprofit,2026-07-07,high,Resource id 135: Milwaukee Area Technical College — Adult Education,135
https://madisoncollege.edu,nonprofit,2026-07-07,high,Resource id 136: Madison College — Adult Basic Education,136
https://www.fvtc.edu,nonprofit,2026-07-07,high,Resource id 137: Fox Valley Technical College — Adult Education,137
https://namiwisconsin.org,nonprofit,2026-07-07,high,Resource id 138: NAMI Wisconsin — Peer Support & Education,138
https://www.dhs.wisconsin.gov/ccs/index.htm,government,2026-07-07,high,Resource id 139: Wisconsin Peer Specialist Employment Initiative,139
https://www.wisconsinjobcenter.org,government,2026-07-07,high,Resource id 140: Job Center of Wisconsin — Madison (serves Adams County),140
https://www.marshfieldclinic.org,nonprofit,2026-07-07,high,Resource id 141: Marshfield Clinic Health System — Eau Claire (serves Adams County),141
https://www.wisconsinjobcenter.org,government,2026-07-07,high,Resource id 142: Job Center of Wisconsin — Eau Claire (serves Ashland County),142
https://www.marshfieldclinic.org,nonprofit,2026-07-07,high,Resource id 143: Marshfield Clinic Health System — Eau Claire (serves Ashland County),143
https://www.wisconsinjobcenter.org,government,2026-07-07,high,Resource id 144: Job Center of Wisconsin — Eau Claire (serves Barron County),144
https://www.marshfieldclinic.org,nonprofit,2026-07-07,high,Resource id 145: Marshfield Clinic Health System — Eau Claire (serves Barron County),145
https://www.wisconsinjobcenter.org,government,2026-07-07,high,Resource id 146: Job Center of Wisconsin — Eau Claire (serves Bayfield County),146
https://www.marshfieldclinic.org,nonprofit,2026-07-07,high,Resource id 147: Marshfield Clinic Health System — Eau Claire (serves Bayfield County),147
https://www.wisconsinjobcenter.org,government,2026-07-07,high,Resource id 148: Job Center of Wisconsin — Green Bay (serves Brown County),148
https://www.prevea.com,nonprofit,2026-07-07,high,Resource id 149: Prevea Health — Green Bay (serves Brown County),149
https://www.wisconsinjobcenter.org,government,2026-07-07,high,Resource id 150: Job Center of Wisconsin — La Crosse (serves Buffalo County),150
https://www.gundersenhealth.org,nonprofit,2026-07-07,high,Resource id 151: Gundersen Health System — La Crosse (serves Buffalo County),151
https://www.wisconsinjobcenter.org,government,2026-07-07,high,Resource id 152: Job Center of Wisconsin — Eau Claire (serves Burnett County),152
https://www.marshfieldclinic.org,nonprofit,2026-07-07,high,Resource id 153: Marshfield Clinic Health System — Eau Claire (serves Burnett County),153
https://www.wisconsinjobcenter.org,government,2026-07-07,high,Resource id 154: Job Center of Wisconsin — Appleton (serves Calumet County),154
https://www.thedacare.org,nonprofit,2026-07-07,high,Resource id 155: ThedaCare — Fox Valley (serves Calumet County),155
https://www.wisconsinjobcenter.org,government,2026-07-07,high,Resource id 156: Job Center of Wisconsin — Eau Claire (serves Chippewa County),156
https://www.marshfieldclinic.org,nonprofit,2026-07-07,high,Resource id 157: Marshfield Clinic Health System — Eau Claire (serves Chippewa County),157
https://www.wisconsinjobcenter.org,government,2026-07-07,high,Resource id 158: Job Center of Wisconsin — La Crosse (serves Clark County),158
https://www.marshfieldclinic.org,nonprofit,2026-07-07,high,Resource id 159: Marshfield Clinic Health System — Eau Claire (serves Clark County),159
https://www.wisconsinjobcenter.org,government,2026-07-07,high,Resource id 160: Job Center of Wisconsin — Madison (serves Columbia County),160
https://www.accesscommunityhealthcenters.org,nonprofit,2026-07-07,high,Resource id 161: Access Community Health Centers (serves Columbia County),161
https://www.wisconsinjobcenter.org,government,2026-07-07,high,Resource id 162: Job Center of Wisconsin — Janesville (serves Crawford County),162
https://www.gundersenhealth.org,nonprofit,2026-07-07,high,Resource id 163: Gundersen Health System — La Crosse (serves Crawford County),163
https://www.wisconsinjobcenter.org,government,2026-07-07,high,Resource id 164: Job Center of Wisconsin — Madison (serves Dane County),164
https://www.accesscommunityhealthcenters.org,nonprofit,2026-07-07,high,Resource id 165: Access Community Health Centers (serves Dane County),165
https://www.wisconsinjobcenter.org,government,2026-07-07,high,Resource id 166: Job Center of Wisconsin — Madison (serves Dodge County),166
https://www.marshfieldclinic.org,nonprofit,2026-07-07,high,Resource id 167: Marshfield Clinic Health System — Eau Claire (serves Dodge County),167
https://www.wisconsinjobcenter.org,government,2026-07-07,high,Resource id 168: Job Center of Wisconsin — Green Bay (serves Door County),168
https://www.prevea.com,nonprofit,2026-07-07,high,Resource id 169: Prevea Health — Green Bay (serves Door County),169
https://www.wisconsinjobcenter.org,government,2026-07-07,high,Resource id 170: Job Center of Wisconsin — Eau Claire (serves Douglas County),170
https://www.marshfieldclinic.org,nonprofit,2026-07-07,high,Resource id 171: Marshfield Clinic Health System — Eau Claire (serves Douglas County),171
https://www.wisconsinjobcenter.org,government,2026-07-07,high,Resource id 172: Job Center of Wisconsin — Eau Claire (serves Dunn County),172
https://www.marshfieldclinic.org,nonprofit,2026-07-07,high,Resource id 173: Marshfield Clinic Health System — Eau Claire (serves Dunn County),173
https://www.wisconsinjobcenter.org,government,2026-07-07,high,Resource id 174: Job Center of Wisconsin — Eau Claire (serves Eau Claire County),174
https://www.marshfieldclinic.org,nonprofit,2026-07-07,high,Resource id 175: Marshfield Clinic Health System — Eau Claire (serves Eau Claire County),175
https://www.wisconsinjobcenter.org,government,2026-07-07,high,Resource id 176: Job Center of Wisconsin — Eau Claire (serves Florence County),176
https://www.prevea.com,nonprofit,2026-07-07,high,Resource id 177: Prevea Health — Green Bay (serves Florence County),177
https://www.wisconsinjobcenter.org,government,2026-07-07,high,Resource id 178: Job Center of Wisconsin — Oshkosh (serves Fond du Lac County),178
https://www.thedacare.org,nonprofit,2026-07-07,high,Resource id 179: ThedaCare — Fox Valley (serves Fond du Lac County),179
https://www.wisconsinjobcenter.org,government,2026-07-07,high,Resource id 180: Job Center of Wisconsin — Eau Claire (serves Forest County),180
https://www.marshfieldclinic.org,nonprofit,2026-07-07,high,Resource id 181: Marshfield Clinic Health System — Eau Claire (serves Forest County),181
https://www.wisconsinjobcenter.org,government,2026-07-07,high,Resource id 182: Job Center of Wisconsin — Janesville (serves Grant County),182
https://www.gundersenhealth.org,nonprofit,2026-07-07,high,Resource id 183: Gundersen Health System — La Crosse (serves Grant County),183
https://www.wisconsinjobcenter.org,government,2026-07-07,high,Resource id 184: Job Center of Wisconsin — Janesville (serves Green County),184
https://www.accesscommunityhealthcenters.org,nonprofit,2026-07-07,high,Resource id 185: Access Community Health Centers (serves Green County),185
https://www.wisconsinjobcenter.org,government,2026-07-07,high,Resource id 186: Job Center of Wisconsin — Appleton (serves Green Lake County),186
https://www.thedacare.org,nonprofit,2026-07-07,high,Resource id 187: ThedaCare — Fox Valley (serves Green Lake County),187
https://www.wisconsinjobcenter.org,government,2026-07-07,high,Resource id 188: Job Center of Wisconsin — Janesville (serves Iowa County),188
https://www.accesscommunityhealthcenters.org,nonprofit,2026-07-07,high,Resource id 189: Access Community Health Centers (serves Iowa County),189
https://www.wisconsinjobcenter.org,government,2026-07-07,high,Resource id 190: Job Center of Wisconsin — Eau Claire (serves Iron County),190
https://www.marshfieldclinic.org,nonprofit,2026-07-07,high,Resource id 191: Marshfield Clinic Health System — Eau Claire (serves Iron County),191
https://www.wisconsinjobcenter.org,government,2026-07-07,high,Resource id 192: Job Center of Wisconsin — La Crosse (serves Jackson County),192
https://www.gundersenhealth.org,nonprofit,2026-07-07,high,Resource id 193: Gundersen Health System — La Crosse (serves Jackson County),193
https://www.wisconsinjobcenter.org,government,2026-07-07,high,Resource id 194: Job Center of Wisconsin — Janesville (serves Jefferson County),194
https://www.accesscommunityhealthcenters.org,nonprofit,2026-07-07,high,Resource id 195: Access Community Health Centers (serves Jefferson County),195
https://www.wisconsinjobcenter.org,government,2026-07-07,high,Resource id 196: Job Center of Wisconsin — Madison (serves Juneau County),196
https://www.marshfieldclinic.org,nonprofit,2026-07-07,high,Resource id 197: Marshfield Clinic Health System — Eau Claire (serves Juneau County),197
https://www.wisconsinjobcenter.org,government,2026-07-07,high,Resource id 198: Job Center of Wisconsin — Kenosha (serves Kenosha County),198
https://www.aurorahealthcare.org,nonprofit,2026-07-07,high,Resource id 199: Aurora Health Care — Kenosha (serves Kenosha County),199
https://www.wisconsinjobcenter.org,government,2026-07-07,high,Resource id 200: Job Center of Wisconsin — Green Bay (serves Kewaunee County),200
https://www.prevea.com,nonprofit,2026-07-07,high,Resource id 201: Prevea Health — Green Bay (serves Kewaunee County),201
https://www.wisconsinjobcenter.org,government,2026-07-07,high,Resource id 202: Job Center of Wisconsin — La Crosse (serves La Crosse County),202
https://www.gundersenhealth.org,nonprofit,2026-07-07,high,Resource id 203: Gundersen Health System — La Crosse (serves La Crosse County),203
https://www.wisconsinjobcenter.org,government,2026-07-07,high,Resource id 204: Job Center of Wisconsin — Janesville (serves Lafayette County),204
https://www.accesscommunityhealthcenters.org,nonprofit,2026-07-07,high,Resource id 205: Access Community Health Centers (serves Lafayette County),205
https://www.wisconsinjobcenter.org,government,2026-07-07,high,Resource id 206: Job Center of Wisconsin — Eau Claire (serves Langlade County),206
https://www.marshfieldclinic.org,nonprofit,2026-07-07,high,Resource id 207: Marshfield Clinic Health System — Eau Claire (serves Langlade County),207
https://www.wisconsinjobcenter.org,government,2026-07-07,high,Resource id 208: Job Center of Wisconsin — Eau Claire (serves Lincoln County),208
https://www.marshfieldclinic.org,nonprofit,2026-07-07,high,Resource id 209: Marshfield Clinic Health System — Eau Claire (serves Lincoln County),209
https://www.wisconsinjobcenter.org,government,2026-07-07,high,Resource id 210: Job Center of Wisconsin — Oshkosh (serves Manitowoc County),210
https://www.marshfieldclinic.org,nonprofit,2026-07-07,high,Resource id 211: Marshfield Clinic Health System — Eau Claire (serves Manitowoc County),211
https://www.wisconsinjobcenter.org,government,2026-07-07,high,Resource id 212: Job Center of Wisconsin — Eau Claire (serves Marathon County),212
https://www.marshfieldclinic.org,nonprofit,2026-07-07,high,Resource id 213: Marshfield Clinic Health System — Eau Claire (serves Marathon County),213
https://www.wisconsinjobcenter.org,government,2026-07-07,high,Resource id 214: Job Center of Wisconsin — Green Bay (serves Marinette County),214
https://www.prevea.com,nonprofit,2026-07-07,high,Resource id 215: Prevea Health — Green Bay (serves Marinette County),215
https://www.wisconsinjobcenter.org,government,2026-07-07,high,Resource id 216: Job Center of Wisconsin — Appleton (serves Marquette County),216
https://www.thedacare.org,nonprofit,2026-07-07,high,Resource id 217: ThedaCare — Fox Valley (serves Marquette County),217
https://www.wisconsinjobcenter.org,government,2026-07-07,high,Resource id 218: Job Center of Wisconsin — Eau Claire (serves Menominee County),218
https://www.prevea.com,nonprofit,2026-07-07,high,Resource id 219: Prevea Health — Green Bay (serves Menominee County),219
https://www.wisconsinjobcenter.org,government,2026-07-07,high,Resource id 220: Job Center of Wisconsin — Milwaukee (serves Milwaukee County),220
https://sschc.org,nonprofit,2026-07-07,high,Resource id 221: Sixteenth Street Community Health Centers (serves Milwaukee County),221
https://www.wisconsinjobcenter.org,government,2026-07-07,high,Resource id 222: Job Center of Wisconsin — La Crosse (serves Monroe County),222
https://www.gundersenhealth.org,nonprofit,2026-07-07,high,Resource id 223: Gundersen Health System — La Crosse (serves Monroe County),223
https://www.wisconsinjobcenter.org,government,2026-07-07,high,Resource id 224: Job Center of Wisconsin — Green Bay (serves Oconto County),224
https://www.prevea.com,nonprofit,2026-07-07,high,Resource id 225: Prevea Health — Green Bay (serves Oconto County),225
https://www.wisconsinjobcenter.org,government,2026-07-07,high,Resource id 226: Job Center of Wisconsin — Eau Claire (serves Oneida County),226
https://www.marshfieldclinic.org,nonprofit,2026-07-07,high,Resource id 227: Marshfield Clinic Health System — Eau Claire (serves Oneida County),227
https://www.wisconsinjobcenter.org,government,2026-07-07,high,Resource id 228: Job Center of Wisconsin — Appleton (serves Outagamie County),228
https://www.thedacare.org,nonprofit,2026-07-07,high,Resource id 229: ThedaCare — Fox Valley (serves Outagamie County),229
https://www.wisconsinjobcenter.org,government,2026-07-07,high,Resource id 230: Job Center of Wisconsin — Waukesha (serves Ozaukee County),230
https://www.prohealthcare.org,nonprofit,2026-07-07,high,Resource id 231: ProHealth Care — Waukesha (serves Ozaukee County),231
https://www.wisconsinjobcenter.org,government,2026-07-07,high,Resource id 232: Job Center of Wisconsin — Eau Claire (serves Pepin County),232
https://www.marshfieldclinic.org,nonprofit,2026-07-07,high,Resource id 233: Marshfield Clinic Health System — Eau Claire (serves Pepin County),233
https://www.wisconsinjobcenter.org,government,2026-07-07,high,Resource id 234: Job Center of Wisconsin — Eau Claire (serves Pierce County),234
https://www.marshfieldclinic.org,nonprofit,2026-07-07,high,Resource id 235: Marshfield Clinic Health System — Eau Claire (serves Pierce County),235
https://www.wisconsinjobcenter.org,government,2026-07-07,high,Resource id 236: Job Center of Wisconsin — Eau Claire (serves Polk County),236
https://www.marshfieldclinic.org,nonprofit,2026-07-07,high,Resource id 237: Marshfield Clinic Health System — Eau Claire (serves Polk County),237
https://www.wisconsinjobcenter.org,government,2026-07-07,high,Resource id 238: Job Center of Wisconsin — Eau Claire (serves Portage County),238
https://www.marshfieldclinic.org,nonprofit,2026-07-07,high,Resource id 239: Marshfield Clinic Health System — Eau Claire (serves Portage County),239
https://www.wisconsinjobcenter.org,government,2026-07-07,high,Resource id 240: Job Center of Wisconsin — Eau Claire (serves Price County),240
https://www.marshfieldclinic.org,nonprofit,2026-07-07,high,Resource id 241: Marshfield Clinic Health System — Eau Claire (serves Price County),241
https://www.wisconsinjobcenter.org,government,2026-07-07,high,Resource id 242: Job Center of Wisconsin — Racine (serves Racine County),242
https://www.aurorahealthcare.org,nonprofit,2026-07-07,high,Resource id 243: Aurora Health Care — Kenosha (serves Racine County),243
https://www.wisconsinjobcenter.org,government,2026-07-07,high,Resource id 244: Job Center of Wisconsin — Madison (serves Richland County),244
https://www.marshfieldclinic.org,nonprofit,2026-07-07,high,Resource id 245: Marshfield Clinic Health System — Eau Claire (serves Richland County),245
https://www.wisconsinjobcenter.org,government,2026-07-07,high,Resource id 246: Job Center of Wisconsin — Janesville (serves Rock County),246
https://www.accesscommunityhealthcenters.org,nonprofit,2026-07-07,high,Resource id 247: Access Community Health Centers (serves Rock County),247
https://www.wisconsinjobcenter.org,government,2026-07-07,high,Resource id 248: Job Center of Wisconsin — Eau Claire (serves Rusk County),248
https://www.marshfieldclinic.org,nonprofit,2026-07-07,high,Resource id 249: Marshfield Clinic Health System — Eau Claire (serves Rusk County),249
https://www.wisconsinjobcenter.org,government,2026-07-07,high,Resource id 250: Job Center of Wisconsin — Madison (serves Sauk County),250
https://www.accesscommunityhealthcenters.org,nonprofit,2026-07-07,high,Resource id 251: Access Community Health Centers (serves Sauk County),251
https://www.wisconsinjobcenter.org,government,2026-07-07,high,Resource id 252: Job Center of Wisconsin — Eau Claire (serves Sawyer County),252
https://www.marshfieldclinic.org,nonprofit,2026-07-07,high,Resource id 253: Marshfield Clinic Health System — Eau Claire (serves Sawyer County),253
https://www.wisconsinjobcenter.org,government,2026-07-07,high,Resource id 254: Job Center of Wisconsin — Green Bay (serves Shawano County),254
https://www.prevea.com,nonprofit,2026-07-07,high,Resource id 255: Prevea Health — Green Bay (serves Shawano County),255
https://www.wisconsinjobcenter.org,government,2026-07-07,high,Resource id 256: Job Center of Wisconsin — Oshkosh (serves Sheboygan County),256
https://www.marshfieldclinic.org,nonprofit,2026-07-07,high,Resource id 257: Marshfield Clinic Health System — Eau Claire (serves Sheboygan County),257
https://www.wisconsinjobcenter.org,government,2026-07-07,high,Resource id 258: Job Center of Wisconsin — Eau Claire (serves St. Croix County),258
https://www.marshfieldclinic.org,nonprofit,2026-07-07,high,Resource id 259: Marshfield Clinic Health System — Eau Claire (serves St. Croix County),259
https://www.wisconsinjobcenter.org,government,2026-07-07,high,Resource id 260: Job Center of Wisconsin — Eau Claire (serves Taylor County),260
https://www.marshfieldclinic.org,nonprofit,2026-07-07,high,Resource id 261: Marshfield Clinic Health System — Eau Claire (serves Taylor County),261
https://www.wisconsinjobcenter.org,government,2026-07-07,high,Resource id 262: Job Center of Wisconsin — La Crosse (serves Trempealeau County),262
https://www.gundersenhealth.org,nonprofit,2026-07-07,high,Resource id 263: Gundersen Health System — La Crosse (serves Trempealeau County),263
https://www.wisconsinjobcenter.org,government,2026-07-07,high,Resource id 264: Job Center of Wisconsin — La Crosse (serves Vernon County),264
https://www.gundersenhealth.org,nonprofit,2026-07-07,high,Resource id 265: Gundersen Health System — La Crosse (serves Vernon County),265
https://www.wisconsinjobcenter.org,government,2026-07-07,high,Resource id 266: Job Center of Wisconsin — Eau Claire (serves Vilas County),266
https://www.marshfieldclinic.org,nonprofit,2026-07-07,high,Resource id 267: Marshfield Clinic Health System — Eau Claire (serves Vilas County),267
https://www.wisconsinjobcenter.org,government,2026-07-07,high,Resource id 268: Job Center of Wisconsin — Waukesha (serves Walworth County),268
https://www.aurorahealthcare.org,nonprofit,2026-07-07,high,Resource id 269: Aurora Health Care — Kenosha (serves Walworth County),269
https://www.wisconsinjobcenter.org,government,2026-07-07,high,Resource id 270: Job Center of Wisconsin — Eau Claire (serves Washburn County),270
https://www.marshfieldclinic.org,nonprofit,2026-07-07,high,Resource id 271: Marshfield Clinic Health System — Eau Claire (serves Washburn County),271
https://www.wisconsinjobcenter.org,government,2026-07-07,high,Resource id 272: Job Center of Wisconsin — Waukesha (serves Washington County),272
https://www.prohealthcare.org,nonprofit,2026-07-07,high,Resource id 273: ProHealth Care — Waukesha (serves Washington County),273
https://www.wisconsinjobcenter.org,government,2026-07-07,high,Resource id 274: Job Center of Wisconsin — Waukesha (serves Waukesha County),274
https://www.prohealthcare.org,nonprofit,2026-07-07,high,Resource id 275: ProHealth Care — Waukesha (serves Waukesha County),275
https://www.wisconsinjobcenter.org,government,2026-07-07,high,Resource id 276: Job Center of Wisconsin — Appleton (serves Waupaca County),276
https://www.thedacare.org,nonprofit,2026-07-07,high,Resource id 277: ThedaCare — Fox Valley (serves Waupaca County),277
https://www.wisconsinjobcenter.org,government,2026-07-07,high,Resource id 278: Job Center of Wisconsin — Appleton (serves Waushara County),278
https://www.thedacare.org,nonprofit,2026-07-07,high,Resource id 279: ThedaCare — Fox Valley (serves Waushara County),279
https://www.wisconsinjobcenter.org,government,2026-07-07,high,Resource id 280: Job Center of Wisconsin — Appleton (serves Winnebago County),280
https://www.thedacare.org,nonprofit,2026-07-07,high,Resource id 281: ThedaCare — Fox Valley (serves Winnebago County),281
https://www.wisconsinjobcenter.org,government,2026-07-07,high,Resource id 282: Job Center of Wisconsin — Eau Claire (serves Wood County),282
https://www.marshfieldclinic.org,nonprofit,2026-07-07,high,Resource id 283: Marshfield Clinic Health System — Eau Claire (serves Wood County),283
https://www.projectreturnmilwaukee.org,nonprofit,2026-07-07,high,Resource id 284: Project RETURN — Milwaukee Reentry,284
https://wisconsinexpo.org,nonprofit,2026-07-07,high,Resource id 285: Ex-Incarcerated People Organizing (EXPO) — Wisconsin,285
https://www.ridemcts.com,government,2026-07-07,high,Resource id 286: Milwaukee County Transit System — Reduced Fare,286
https://www.cityofmadison.com/metro,government,2026-07-07,high,Resource id 287: Madison Metro Transit — Reduced Fare,287
https://www.greenbaymetro.org,government,2026-07-07,high,Resource id 288: Green Bay Metro — Public Transit,288
https://www.childrenswi.org,nonprofit,2026-07-07,high,Resource id 289: Children's Wisconsin — Family Support Services,289
https://www.danecountyhumanservices.org,government,2026-07-07,high,Resource id 290: Dane County Department of Human Services — Birth to 3 & Family Support,290
https://www.racinecounty.com/human-services,government,2026-07-07,high,Resource id 291: Racine County Human Services — Family & Children's Services,291
https://www.hopestreetministry.org,nonprofit,2026-07-07,high,Resource id 292: Hope Street Ministry — Peer Recovery Support,292
https://www.recoverywisconsin.org,nonprofit,2026-07-07,high,Resource id 293: Recovery Wisconsin — Peer Support Network,293
https://www.svdpmilw.org,nonprofit,2026-07-07,high,Resource id 294: St. Vincent de Paul — Milwaukee District Council,294
https://www.ntc.edu,government,2026-07-07,high,Resource id 295: Northcentral Technical College — Adult Education,295
https://www.gotoltc.edu,government,2026-07-07,high,Resource id 296: Lakeshore Technical College — Adult Education,296
https://www.mstc.edu,government,2026-07-07,high,Resource id 297: Mid-State Technical College — Adult Education,297
https://www.legalaction.org,nonprofit,2026-07-07,high,Resource id 298: Legal Action of Wisconsin — Racine Office,298
https://www.legalaction.org,nonprofit,2026-07-07,high,Resource id 299: Legal Action of Wisconsin — Kenosha Office,299
https://centralusa.salvationarmy.org/appleton,nonprofit,2026-07-07,high,Resource id 300: Salvation Army — Fox Cities Shelter,300
https://www.hopecenterracine.org,nonprofit,2026-07-07,high,Resource id 301: Hope Center Racine — Emergency Shelter,301
https://www.khds.org,nonprofit,2026-07-07,high,Resource id 302: Kenosha Human Development Services — Housing,302
https://www.westerndairyland.org,nonprofit,2026-07-07,high,Resource id 303: Western Dairyland — Housing Assistance,303
https://www.nwcsa.org,nonprofit,2026-07-07,high,Resource id 304: Northwest Wisconsin Community Services Agency — Housing,304
https://www.cwcac.org,nonprofit,2026-07-07,high,Resource id 305: Central Wisconsin Community Action Council — Housing,305
https://www.scwcap.org,nonprofit,2026-07-07,high,Resource id 306: South Central Wisconsin Community Action Program — Housing,306
https://www.cacscw.org,nonprofit,2026-07-07,high,Resource id 307: Community Action Coalition for South Central WI — Housing,307
https://www.hebronhouse.org,nonprofit,2026-07-07,high,Resource id 308: Hebron Housing Services — Waukesha,308
https://www.hgsgb.org,nonprofit,2026-07-07,high,Resource id 309: House of the Good Shepherd — Green Bay,309
https://www.stbensmilwaukee.org,nonprofit,2026-07-07,high,Resource id 310: St. Ben's Community Meal — Milwaukee,310
https://www.riverfoodpantry.org,nonprofit,2026-07-07,high,Resource id 311: The River Food Pantry — Madison,311
https://www.svdpmadison.org,nonprofit,2026-07-07,high,Resource id 312: St. Vincent de Paul — Madison District Council,312
https://www.communityclothescloset.org,nonprofit,2026-07-07,high,Resource id 313: Community Clothes Closet — Menasha,313
https://www.laxfoodnow.org,nonprofit,2026-07-07,high,Resource id 314: La Crosse County Hunger Task Force,314
https://www.legalaction.org,nonprofit,2026-07-07,high,Resource id 315: Legal Action of Wisconsin — Green Bay Office,315
https://www.legalaction.org,nonprofit,2026-07-07,high,Resource id 316: Legal Action of Wisconsin — Wausau Office,316
https://www.legalaction.org,nonprofit,2026-07-07,high,Resource id 317: Legal Action of Wisconsin — Oshkosh Office,317
https://www.judicare.org,nonprofit,2026-07-07,high,Resource id 318: Wisconsin Judicare — Wausau,318
https://www.judicare.org,nonprofit,2026-07-07,high,Resource id 319: Wisconsin Judicare — Rhinelander,319
https://www.judicare.org,nonprofit,2026-07-07,high,Resource id 320: Wisconsin Judicare — Superior,320
https://www.wtcsystem.edu,nonprofit,2026-07-07,high,Resource id 321: Northeast Wisconsin Technical College — Adult Education,321
https://www.wtcsystem.edu,nonprofit,2026-07-07,high,Resource id 322: Western Technical College — Adult Education,322
https://www.wtcsystem.edu,nonprofit,2026-07-07,high,Resource id 323: Chippewa Valley Technical College — Adult Education,323
https://www.wtcsystem.edu,nonprofit,2026-07-07,high,Resource id 324: Waukesha County Technical College — Adult Education,324
https://www.wtcsystem.edu,nonprofit,2026-07-07,high,Resource id 325: Gateway Technical College — Adult Education,325
https://www.wtcsystem.edu,nonprofit,2026-07-07,high,Resource id 326: Blackhawk Technical College — Adult Education,326
https://www.wdva.wi.gov,nonprofit,2026-07-07,high,Resource id 327: Milwaukee County Veterans Service Office,327
https://www.wdva.wi.gov,nonprofit,2026-07-07,high,Resource id 328: Dane County Veterans Service Office,328
https://www.wdva.wi.gov,nonprofit,2026-07-07,high,Resource id 329: Brown County Veterans Service Office,329
https://www.wdva.wi.gov,nonprofit,2026-07-07,high,Resource id 330: Waukesha County Veterans Service Office,330
https://www.wdva.wi.gov,nonprofit,2026-07-07,high,Resource id 331: Racine County Veterans Service Office,331
https://www.wdva.wi.gov,nonprofit,2026-07-07,high,Resource id 332: Kenosha County Veterans Service Office,332
https://www.wdva.wi.gov,nonprofit,2026-07-07,high,Resource id 333: Marathon County Veterans Service Office,333
https://www.dhs.wisconsin.gov/forwardhealth/index.htm,nonprofit,2026-07-07,high,Resource id 334: ForwardHealth — BadgerCare Plus Enrollment,334
https://www.dhs.wisconsin.gov/w2/index.htm,nonprofit,2026-07-07,high,Resource id 335: Wisconsin Works (W-2) — Employment & Training,335
https://wisconsin.gov/Pages/home.aspx,nonprofit,2026-07-07,high,Resource id 336: Wisconsin DMV — ID Petition Process (Voter ID),336
https://www.dhs.wisconsin.gov/vitalrecords/index.htm,nonprofit,2026-07-07,high,Resource id 337: Wisconsin Register of Deeds Association — Vital Records Guide,337
https://www.rogersbh.org,nonprofit,2026-07-07,high,Resource id 338: Rogers Behavioral Health — Addiction Recovery,338
https://doc.wi.gov/Pages/AboutDOC/CommunityCorrections/AgentsStations.aspx,nonprofit,2026-07-07,high,Resource id 339: WDOC — Agent Station Oshkosh,339
https://law.wisc.edu/innocenceproject,nonprofit,2026-07-07,high,Resource id 340: Wisconsin Innocence Project — Reentry Legal Navigation,340
